rsID,Chromosome,Position,REF,ALT,TF,TF_change,p-value_ref,p-value_alt,TF_K562_rna_tpm,TargetGene,ABC.Score.FP
DRAGEN:chr6:27132003:G:A,chr6,27132003,G,A,SP2,Disrupt,4.5776367187500054e-05,,1.69215,HIST1H2BJ,0.2776332371646114
DRAGEN:chr6:139518262:G:A,chr6,139518262,G,A,ESR2,Disrupt,6.412249058485016e-05,,0.307199,LINC01625,0.1029232761545483
DRAGEN:chr7:134316632:C:T,chr7,134316632,C,T,KLF7,Disrupt,1.52587890625e-05,,0.0116311,SLC35B4,0.7689895840810702
DRAGEN:chr8:41792615:C:T,chr8,41792615,C,T,PATZ1,Decrease,3.1232833862304606e-05,7.510185241699212e-05,0.652006,ANK1,0.2246065288775112
DRAGEN:chr11:3379262:G:GC,chr11,3379262,G,GC,KLF11,Create,,7.629394531249981e-06,1.3376,ZNF195,0.268306737338758
DRAGEN:chr14:63543502:G:A,chr14,63543502,G,A,E2F7,Create,,5.344673991203317e-05,0.747111,PPP2R5E,0.695763953612869
DRAGEN:chr16:145021:C:T,chr16,145021,C,T,PPARG::RXRA,Increase,4.805624485015864e-05,1.8924474716186496e-06,2.03368,HBZ,0.0741218247583175
DRAGEN:chr16:156415:T:C,chr16,156415,T,C,ESRRG,Disrupt,8.010864257812497e-05,,0.00969414,HBZ,0.1553162869298898
DRAGEN:chr16:156520:C:T,chr16,156520,C,T,PITX2,Increase,6.103515625e-05,4.57763671875e-05,0.0,HBZ,0.1553162869298898
DRAGEN:chr16:173004:AGAGGT:A,chr16,173004,AGAGGT,A,RARA,Disrupt,4.491413710638866e-05,,1.41108,HBA2,0.0406377949643655
DRAGEN:chr16:180725:G:C,chr16,180725,G,C,EGR3,Create,,8.177757263183577e-05,0.0614957,HBQ1,0.4438189463513685
DRAGEN:chr16:234778:C:G,chr16,234778,C,G,SP2,Disrupt,4.9591064453125075e-05,,1.69215,FAM234A,0.1715351360288766
DRAGEN:chr16:234810:C:T,chr16,234810,C,T,PLAG1,Create,,9.151175618171649e-05,0.211299,FAM234A,0.1715351360288766
DRAGEN:chr16:234850:G:C,chr16,234850,G,C,PRDM9,Disrupt,5.539267658605231e-05,,0.0896177,FAM234A,0.1715351360288766
DRAGEN:chr16:318854:T:C,chr16,318854,T,C,PLAGL2,Create,,9.1552734375e-05,0.947741,PDIA2,0.0137926437739641
DRAGEN:chr16:589115:G:A,chr16,589115,G,A,EPAS1,Disrupt,8.773803710937507e-05,,0.574115,RAB40C,0.3050355133344777
DRAGEN:chr16:622306:C:CG,chr16,622306,C,CG,ZNF320,Disrupt,9.153942210104984e-05,,0.930875,WFIKKN1,0.0681400751238877
DRAGEN:chr16:88810611:G:A,chr16,88810611,G,A,ZNF324,Create,,6.39893114566803e-05,2.06027,APRT,0.1002543984212297
DRAGEN:chr19:40807065:G:T,chr19,40807065,G,T,ZNF701,Create,,8.957425598055131e-05,0.792934,EGLN2,0.0331407918487626
