SNP,Chromosome,Start,End,A1,A2,freq,PIP,PEP,PEP_cs,CS_id,footprint_region
rs2742946,chr1,23559581,23559582,C,T,0.447314,0.999993,1.0,1.0,46.0,chr1:23559577-23559601
rs897804,chr19,12766149,12766150,C,G,0.39515,0.972998,0.98125,0.98125,79.0,chr19:12766134-12766162
rs2070699,chr6,12292538,12292539,T,G,0.4646,0.837915,0.82625,0.96625,153.0,chr6:12292513-12292539
rs7170815,chr15,51077739,51077740,G,A,0.1878,0.738197,0.74,0.8025,200.0,chr15:51077730-51077756
rs4733817,chr8,127993337,127993338,A,G,0.36065,0.500793,0.505,0.91375,316.0,chr8:127993331-127993340
rs17215231,chr6,33272091,33272092,T,C,0.07475,0.429578,0.46375,,,chr6:33272090-33272103
rs343808,chr1,110787384,110787385,T,C,0.237803,0.275066,0.2675,,,chr1:110787375-110787389
rs6700241,chr1,161531184,161531185,G,A,0.20115,0.254963,0.25375,0.935,282.0,chr1:161531160-161531187
rs5412,chr17,7280726,7280727,A,G,0.163941,0.240826,0.235,,,chr17:7280714-7280734
rs5812152,chr15,40108920,40108921,GC,G,0.2947,0.238452,0.21375,0.79125,358.0,chr15:40108915-40108923
rs11656775,chr17,17751004,17751005,A,G,0.324577,0.201789,0.1525,0.72125,568.0,chr17:17751002-17751027
rs11150589,chr16,30471172,30471173,T,C,0.48135,0.19899,0.2325,0.99875,1017.0,chr16:30471151-30471174
rs4375041,chr8,60903685,60903686,G,C,0.0885,0.156307,0.11875,0.74625,329.0,chr8:60903671-60903699
rs34128716,chr2,112055278,112055279,G,C,0.29655,0.121704,0.10375,0.7875,632.0,chr2:112055276-112055289
rs4933636,chr10,90999666,90999667,A,G,0.3804,0.100085,0.0925,0.85625,746.0,chr10:90999664-90999684
