SNP,Chromosome,Start,End,A1,A2,freq,PIP,PEP,PEP_cs,CS_id,footprint_region
rs13176773,chr5,57299091,57299092,T,G,0.080018,0.630397,0.60875,,,chr5:57299082-57299104
rs11656775,chr17,17751004,17751005,A,G,0.324577,0.42496,0.38,0.70375,332.0,chr17:17751002-17751027
rs897804,chr19,12766149,12766150,C,G,0.39515,0.27384,0.30875,,,chr19:12766134-12766162
rs2232646,chr1,26169878,26169879,T,C,0.32055,0.238831,0.23125,,,chr1:26169872-26169883
rs4676411,chr2,240621670,240621671,T,G,0.3804,0.212895,0.23,,,chr2:240621660-240621675
rs11689346,chr2,30146941,30146942,G,A,0.03755,0.176789,0.13625,,,chr2:30146933-30146962
rs2236659,chr11,123062472,123062473,G,A,0.049202,0.155444,0.185,0.86,200.0,chr11:123062466-123062495
rs2302176,chr16,1964952,1964953,C,T,0.46175,0.141548,0.10625,,,chr16:1964936-1964953
rs2302177,chr16,1964977,1964978,G,T,0.46165,0.13962,0.1075,,,chr16:1964963-1964988
rs12130298,chr1,117001708,117001709,C,A,0.072198,0.137903,0.1025,,,chr1:117001702-117001722
rs6666417,chr1,175155062,175155063,A,T,0.425589,0.132185,0.14625,,,chr1:175155039-175155068
rs200701118,chr7,100428797,100428798,T,G,0.02725,0.131619,0.13375,,,chr7:100428794-100428803
rs117532831,chr12,111599645,111599646,A,G,0.0926,0.129074,0.12375,,,chr12:111599643-111599652
rs117633093,chr16,138768,138769,T,C,0.014474,0.11464,0.10625,0.74625,243.0,chr16:138744-138769
rs175102,chr11,61043284,61043285,G,A,0.427294,0.108698,0.07875,,,chr11:61043278-61043298
